,Image,Method,Stride_4
0,1052.0,Simple,0.71517333984375
1,1052.0,Thr.All,0.8628125
2,1052.0,Maj.vot.,0.48005615234375
